group,keyword
silhouette_and_fit,oversize穿搭
silhouette_and_fit,宽松版型
silhouette_and_fit,廓形外套
silhouette_and_fit,阔腿裤
silhouette_and_fit,直筒裤
silhouette_and_fit,boyfriend风
silhouette_and_fit,oversized
silhouette_and_fit,boxy fit
silhouette_and_fit,宽肩
silhouette_and_fit,落肩
graphic_language,印花T恤
graphic_language,graphic tee
graphic_language,涂鸦元素
graphic_language,logo设计
graphic_language,标语T恤
graphic_language,字母印花
graphic_language,卡通印花
graphic_language,抽象图案
layering_and_styling,叠穿搭配
layering_and_styling,layering
layering_and_styling,内搭外穿
layering_and_styling,混搭风格
layering_and_styling,街头穿搭
layering_and_styling,工装风
layering_and_styling,机能风
layering_and_styling,美式复古
layering_and_styling,日系穿搭
layering_and_styling,outfit
brand_and_collab,潮牌
brand_and_collab,联名款
brand_and_collab,限定发售
brand_and_collab,Nike
brand_and_collab,Stussy
brand_and_collab,Supreme
brand_and_collab,设计师品牌
brand_and_collab,独立设计
brand_and_collab,小众品牌
brand_and_collab,国潮
material_and_fabric,尼龙面料
material_and_fabric,机能面料
material_and_fabric,丹宁
material_and_fabric,灯芯绒
material_and_fabric,卫衣面料
material_and_fabric,冲锋衣
material_and_fabric,工装布
material_and_fabric,网眼
scene_and_occasion,街拍
scene_and_occasion,通勤穿搭
scene_and_occasion,周末穿搭
scene_and_occasion,约会穿搭
scene_and_occasion,校园穿搭
scene_and_occasion,音乐节穿搭
scene_and_occasion,滑板风
price_and_commerce,平价潮牌
price_and_commerce,百元穿搭
price_and_commerce,千元穿搭
price_and_commerce,性价比穿搭
price_and_commerce,值得买
price_and_commerce,购物分享
price_and_commerce,开箱测评
price_and_commerce,好物推荐
